{"cameraMode":{"drawMode":0,"name":"Shaded","section":"Shading Mode"},"sceneLighting":true,"audioPlay":false,"sceneViewState":{"m_AlwaysRefresh":false,"showFog":true,"showSkybox":true,"showFlares":true,"showImageEffects":true,"showParticleSystems":true,"showVisualEffectGraphs":true,"m_FxEnabled":true},"in2DMode":false,"pivot":{"x":1.897883415222168,"y":12.828023910522461,"z":169.2500762939453},"rotation":{"x":0.1676231175661087,"y":-0.011042020283639431,"z":0.000161460367962718,"w":0.9864070415496826},"size":0.8660253882408142,"orthographic":false}